1,,Alemanha,1287,,2,-6,,4,UEFA,3,1,1,0,1,1,24,12,17,e,7,4,1,5,e,e,-,19,10,11,3,2,1,14,78%,"CR:2 CC:3,6,18",6,2,1,10,118,113,52,62,90,100,3,1,5,9,10,10,7,2,2,2,3,4,3,3,3,2,1,1,2,3,5,4,2,0,0,30101
2,,França,1179,,-1,-147,,-1,UEFA,1,5,1,0,10,6,2,10,2,9,2,3,2,1,9,-,23,2,4,13,12,6,1,17,94%,CR:8,2,8,1,4,71,62,137,59,119,184,1,2,1,1,4,1,1,1,1,1,2,6,6,5,5,6,7,5,6,7,2,0,0,0,2,10501
3,,Brasil,1171,,2,-112,,0,CONMEBOL,2,0,2,0,6,11,4,3,9,1,29,6,9,9,4,1,7,5,6,3,9,5,1,18,100%,"CR:5,11 CC:14",4,2,7,1,75,50,111,86,92,202,5,3,3,3,1,3,2,6,6,5,1,1,1,2,2,4,2,4,4,4,4,4,0,1,0,20002
4,,Portugal,1157,,0,-132,,-2,UEFA,0,1,1,0,5,5,11,2,5,10,12,24,-,24,3,4,10,-,e,-,-,16,2,13,72%,,1,1,1,9,71,75,92,97,124,160,4,4,2,4,3,5,16,18,18,43,16,13,25,41,60,54,42,29,16,0,1,1,0,1,1,101
5,,Argentina,1150,,-3,-143,,-1,CONMEBOL,2,2,2,0,4,2,e,7,1,e,3,8,3,14,-,26,1,-,18,2,15,e,1,13,72%,CC:9,3,2,2,6,77,94,18,87,183,193,2,5,4,7,2,2,6,3,3,3,7,8,7,6,13,10,9,19,-,0,2,3,1,1,0,20202
6,,Italia,877,,0,-96,,0,UEFA,3,0,1,e,42,-,1,19,e,12,18,e,-,18,-,28,3,15,1,4,1,e,1,12,67%,CC:15,4,3,2,8,42,0,181,91,24,58,6,6,6,2,14,20,14,9,9,15,4,2,2,1,1,1,3,3,-,3,3,2,1,0,1,30001
7,,Japão,821,,0,-77,,0,AFC,0,0,2,0,9,26,3,13,23,15,e,e,e,-,31,3,4,11,5,-,-,e,3,11,61%,Taso:13 CC:16,1,0,2,21,49,9,164,40,39,77,7,7,7,5,17,22,21,43,43,41,12,9,8,9,15,17,-,-,-,,,,0,1,0,2
8,,Espanha,804,,0,-73,,0,UEFA,0,0,1,0,23,3,e,26,20,4,e,22,-,21,11,12,9,-,28,9,13,e,3,13,72%,,0,0,2,7,38,92,24,46,37,103,8,8,8,22,11,9,11,27,27,22,14,14,15,14,17,13,11,16,-,,,,,,,1
9,,Suiça,765,,1,-8,,6,UEFA,,,,0,18,20,9,6,-,e,19,e,e,e,e,e,e,-,27,15,10,e,6,8,44%,,,,,31,65,29,96,70,0,1,10,9,15,12,26,59,49,31,31,54,43,37,32,29,22,18,16,14,-,,,,,,,0
10,,Inglaterra,760,,-1,-53,,-1,UEFA,3,1,0,e,20,13,28,1,e,e,e,11,-,20,1,2,-,27,8,-,20,1,1,12,67%,,3,2,2,5,39,60,41,118,8,10,9,10,9,14,8,35,28,11,11,9,6,3,4,8,7,5,5,2,1,1,1,1,1,0,0,30100
11,,Suécia,729,,0,-23,,1,UEFA,0,0,1,e,12,9,e,-,e,3,e,-,e,-,18,e,-,19,-,e,-,12,3,6,33%,,0,0,1,13,45,94,12,0,18,102,11,11,12,35,20,12,8,68,68,55,45,39,43,42,37,34,26,22,11,,,,0,0,2,1
12,,Colômbia,679,,0,-26,,2,CONMEBOL,0,0,1,e,17,12,5,18,-,e,-,28,-,-,27,-,29,3,15,e,e,e,3,9,50%,,0,0,1,32,43,50,93,33,0,4,12,12,14,20,39,64,53,47,47,48,32,25,22,21,16,28,-,-,-,,,,,,,1
13,,Rússia,664,,3,0,,3,UEFA,,,,e,18,10,29,11,-,e,e,e,-,29,10,13,6,e,e,-,-,11,6,9,50%,,,,,34,40,61,63,48,0,9,16,13,16,28,32,50,48,58,58,47,28,21,23,26,45,34,26,22,11,,,,,,,0
14,,Sérvia,655,,-1,-44,,-1,UEFA,,,,e,31,4,23,-,24,8,e,e,5,e,-,30,-,26,14,-,-,e,4,9,50%,,,,,25,36,60,52,0,46,103,13,14,13,24,25,14,15,81,81,79,79,41,40,40,35,29,-,-,-,,,,,,,0
15,,Croácia,645,,3,5,,12,UEFA,,,,e,11,15,e,22,19,-,22,-,17,e,e,e,-,e,-,e,e,e,11,6,33%,,,,,18,68,42,0,28,78,79,18,15,27,36,29,31,51,33,33,40,63,-,-,-,-,-,-,-,-,,,,,,,0
16,,Panamá,639,,-2,-38,,6,CONCACAF,,,,0,13,7,31,-,-,e,14,-,e,-,e,e,e,e,-,29,-,e,7,5,28%,,,,,84,52,81,64,0,0,7,14,16,22,37,72,57,41,26,26,73,73,24,63,56,55,48,37,-,-,,,,,,,0
17,,Finlândia,629,,7,66,,13,UEFA,1,1,1,0,2,-,e,-,3,20,1,7,18,13,e,-,20,-,23,8,e,-,1,10,56%,,1,0,1,53,84,0,9,0,157,196,24,17,30,18,5,4,4,4,4,11,17,32,27,24,19,16,20,-,-,,,,1,2,0,10101
18,,Bélgica,626,,-1,-36,,0,UEFA,,,,e,33,30,14,4,10,-,e,e,e,e,-,e,-,24,-,31,e,e,4,7,39%,,,,,43,42,0,74,64,116,116,17,18,18,8,9,21,79,76,76,68,68,61,58,54,50,52,40,-,-,,,,,,,0
19,,Holanda,619,,0,-1,,4,UEFA,,,,e,14,-,18,27,29,6,e,-,29,e,e,e,e,e,-,e,e,e,6,6,33%,,0,0,1,2,46,0,90,12,44,101,19,19,23,11,24,18,18,75,75,74,74,-,-,-,-,-,-,-,-,,,,,,,0
20,,Equador,612,,1,1,,4,CONMEBOL,,,,e,16,-,16,25,21,19,e,-,26,e,-,17,13,-,22,12,14,e,12,11,61%,,,,,39,58,0,81,20,63,92,21,20,24,15,28,27,29,48,48,46,26,20,19,18,18,15,17,18,-,,,,,,,0
21,,Uruguai,610,,-6,-63,,-11,CONMEBOL,,,,e,36,25,8,8,4,32,23,-,32,12,7,-,26,8,e,e,e,-,4,12,67%,,,,,20,14,5,111,53,94,109,15,21,10,6,6,8,27,25,25,25,29,30,40,35,38,-,-,-,-,,,,,,,0
22,,México,608,,-2,-12,,-1,CONCACAF,,,,e,21,23,7,29,16,17,16,e,-,28,e,-,19,7,-,28,-,e,7,11,61%,,,,,11,37,24,87,0,54,76,20,22,21,16,31,24,24,23,23,33,35,38,33,30,30,48,37,-,-,,,,,,,0
23,,Austrália,599,,0,1,,-3,OFC,,,,e,15,19,13,15,e,22,13,e,13,16,14,6,-,-,24,7,5,7,5,14,78%,,,,,26,34,49,52,37,12,41,23,23,20,23,23,25,17,15,15,21,11,11,10,12,9,8,6,7,7,,,,,,,0
24,,Nigéria,586,,-2,-18,,-13,CAF,,,,e,34,18,e,20,6,11,e,-,25,10,16,10,14,e,-,24,e,e,6,11,61%,TCAF:13 TM:13,1,1,0,28,21,36,33,33,110,161,22,24,11,13,7,6,9,44,44,18,23,26,26,38,51,44,35,-,-,,,,,,,0
25,,Polônia,522,,0,-37,,-8,UEFA,,,,e,e,8,20,-,7,-,e,21,11,7,13,9,8,9,e,-,17,-,7,11,61%,,,,,16,9,53,43,0,118,118,25,25,17,27,22,17,39,22,22,10,9,12,13,16,20,36,28,24,-,,,,,,,0
26,,Coréia do Sul,508,,1,-12,,-7,AFC,0,0,1,e,41,28,12,17,11,27,5,e,e,e,-,22,11,6,-,-,21,3,3,12,67%,,0,0,1,36,18,10,79,22,94,113,27,26,19,10,15,11,19,12,12,44,20,-,14,10,11,20,13,8,3,0,0,1,,,,1
27,,Islândia,482,,-1,-44,,8,UEFA,,,,0,8,31,6,-,-,-,e,e,e,e,-,-,27,-,e,-,-,e,6,4,22%,,,,,79,54,0,109,0,0,0,26,27,35,31,97,98,95,80,80,77,77,69,66,58,-,-,-,-,-,,,,,,,0
28,,Bósnia,437,,1,-7,,0,UEFA,,,,e,e,-,20,14,e,7,-,17,e,e,-,27,-,e,-,e,e,-,7,5,28%,,,,,55,29,0,59,43,13,64,29,28,28,19,21,26,20,50,50,38,60,64,-,-,-,-,-,-,-,,,,,,,0
29,,Rep Tcheca,434,,-1,-12,,10,UEFA,0,1,0,e,22,-,e,-,e,2,e,9,e,-,21,-,28,12,-,24,-,14,2,8,44%,TM:10 TUEFA:13,1,2,0,3,40,0,7,0,21,127,28,29,39,33,13,7,3,17,17,7,18,35,37,33,27,41,33,27,15,0,0,1,1,0,0,100
30,,Escócia,419,,3,27,,47,UEFA,2,1,1,0,3,-,-,-,e,e,9,1,7,8,6,e,-,25,2,1,11,e,1,10,56%,,2,1,0,48,83,0,10,0,6,11,33,30,77,63,38,30,13,5,5,4,5,5,5,4,4,3,4,15,-,0,0,1,0,0,1,20101
31,,Jamaica,415,,-1,6,,1,CONCACAF,,,,e,28,-,19,-,27,-,e,-,28,e,e,20,12,-,29,-,18,8,8,9,50%,,,,,51,27,0,90,0,46,46,30,31,32,25,47,42,71,54,54,49,33,24,21,23,29,24,23,11,8,,,,,,,0
32,,Irã,400,,0,4,,-6,AFC,,,,e,40,22,17,29,-,18,e,-,-,e,e,-,-,32,-,-,22,4,4,8,44%,,0,0,1,19,12,20,79,0,0,23,32,32,26,32,40,36,32,69,69,53,42,36,31,28,21,21,14,9,5,,,,,,,0
33,,Estados Unidos,399,,-2,-9,,0,CONCACAF,,,,e,35,-,e,24,12,5,e,-,e,-,17,7,e,e,e,-,-,e,5,6,33%,,,,,12,19,0,23,28,70,116,31,33,33,26,16,13,22,72,72,58,50,43,51,-,-,-,-,-,-,,,,,,,0
34,,Camarões,362,,0,-10,,3,CAF,,,,e,39,-,27,5,-,e,11,25,22,-,29,16,-,22,12,27,6,10,5,13,72%,,,,,23,19,0,33,74,0,6,34,34,37,30,18,34,26,13,13,24,19,18,17,17,12,12,12,10,10,,,,,,,0
35,,Marrocos,349,,0,-10,,20,CAF,,,,0,7,29,-,-,18,-,28,-,-,25,e,e,e,-,30,-,19,15,7,8,44%,,,,,45,56,0,0,0,48,48,35,35,55,53,43,37,64,49,49,65,65,59,57,53,49,40,32,25,14,,,,,,,0
36,,Bulgária,348,,0,-2,,-11,UEFA,,,,e,42,-,15,-,e,13,4,-,e,-,e,-,18,-,25,-,e,e,4,6,33%,,,,,42,8,0,89,0,10,54,36,36,25,17,27,16,5,8,8,61,58,49,46,45,52,45,-,-,-,,,,0,1,0,0
37,,Tunísia,332,,1,5,,-8,CAF,,,,e,-,17,32,-,-,30,-,30,e,-,30,e,-,-,32,10,e,e,10,7,39%,,,,,38,0,60,30,0,0,8,38,37,29,47,53,53,42,60,60,57,49,40,42,39,34,25,24,-,-,,,,,,,0
38,,Chile,332,,-1,-3,,-2,CONMEBOL,,,,e,e,-,e,9,22,20,26,26,4,6,-,17,-,28,7,5,-,9,4,12,67%,TCONMEBOL:13,0,1,0,46,15,0,0,76,45,80,37,38,36,29,12,19,12,14,14,12,10,15,12,11,8,7,10,21,9,,,,,,,0
39,,Dinamarca,313,,0,-12,,-5,UEFA,,,,e,-,14,e,-,-,23,e,e,-,27,-,21,-,e,-,19,7,e,7,6,33%,,,,,14,0,60,27,0,0,14,39,39,34,62,45,45,38,66,66,51,38,33,28,32,25,22,18,12,-,,,,,,,0
40,,Gana,288,,1,1,,-9,CAF,,,,-,e,-,10,28,26,23,6,e,-,-,-,-,-,-,-,-,-,-,6,5,28%,,,,,58,0,0,71,10,51,67,41,40,31,21,33,29,23,19,19,83,83,-,-,-,-,-,-,-,-,,,,,,,0
41,,Trinidad e Tobago,273,,-1,-16,,0,CONCACAF,,,,e,44,-,e,-,8,28,-,32,-,23,-,19,-,30,e,e,-,-,8,7,39%,TCONCACAF:13,0,0,1,63,22,0,0,0,103,124,40,41,41,38,19,15,25,62,62,60,56,51,49,60,57,-,-,-,-,,,,,,,0
42,,Geórgia,270,,0,1,,6,UEFA,,,,e,27,-,-,-,13,-,e,e,-,-,e,-,e,e,-,17,e,-,13,3,17%,,,,,82,34,0,0,0,93,93,42,42,48,45,36,32,85,74,74,64,64,57,54,50,44,33,25,-,-,,,,,,,0
43,,Egito,265,,3,6,,7,CAF,,,,-,e,24,-,-,e,-,e,e,-,-,-,-,-,-,-,-,-,-,24,1,6%,,,,,29,28,20,0,0,11,11,46,43,50,88,61,72,80,82,82,80,80,-,-,-,-,-,-,-,-,,,,,,,0
44,,Costa do Marfim,265,,0,3,,9,CAF,,,,-,24,-,-,16,-,e,e,14,-,-,-,-,-,-,-,-,-,-,14,3,17%,,,,,30,33,0,0,29,0,6,44,44,53,51,35,47,43,36,36,28,54,-,-,-,-,-,-,-,-,,,,,,,0
45,,Ucrânia,264,,2,6,,46,UEFA,1,0,0,e,26,-,-,-,e,-,e,e,e,-,25,-,25,1,9,6,e,-,1,6,33%,,1,0,0,33,43,0,0,0,9,9,47,45,91,92,65,71,63,45,45,42,13,10,9,7,6,14,19,-,-,,,,,,,10000
46,,Peru,264,,-1,4,,-6,CONMEBOL,,,,e,e,27,22,-,-,e,21,-,-,30,28,e,e,e,e,e,e,-,21,5,28%,,,,,49,6,9,70,0,0,5,45,46,40,34,59,54,46,37,37,75,75,-,-,-,-,-,-,-,-,,,,,,,0
47,,Arábia Saudita,264,,-4,0,,-9,AFC,,,,e,-,16,29,-,-,e,e,e,-,31,e,-,e,-,-,e,-,e,16,3,17%,,,,,56,0,35,48,0,0,0,43,47,38,42,84,89,84,79,79,78,78,-,-,-,-,-,-,-,-,,,,,,,0
48,,Israel,250,,0,3,,-6,UEFA,,,,-,e,-,e,-,15,-,e,e,e,-,e,e,-,18,11,-,e,-,11,3,17%,,,,,41,15,0,0,0,119,119,48,48,42,39,30,28,77,73,73,59,52,45,41,36,31,27,-,-,-,,,,,,,0
49,,Honduras,203,,0,5,,0,CONCACAF,,,,0,38,-,e,29,e,-,30,-,e,e,-,25,e,-,17,e,-,-,17,5,28%,,,,,40,15,0,30,0,12,12,49,49,49,46,63,70,66,59,59,62,59,50,47,48,41,30,-,-,-,,,,,,,0
50,,Eslováquia,194,,1,5,,10,UEFA,0,0,1,-,e,-,-,-,32,-,e,-,30,e,e,e,-,29,3,16,8,e,3,6,33%,,0,0,1,47,22,0,0,0,44,44,51,50,60,58,48,44,69,53,53,45,25,19,18,13,10,9,15,12,-,,,,,,,1
51,,Venezuela,194,,-1,4,,20,CONMEBOL,,,,e,e,-,e,-,e,-,e,10,e,e,e,-,e,-,21,e,e,e,10,2,11%,,,,,57,29,0,0,0,23,23,50,51,71,72,54,49,57,32,32,26,46,56,53,49,42,31,-,-,-,,,,,,,0
52,,Senegal,193,,0,6,,-9,CAF,,,,e,-,21,e,-,-,e,e,e,-,-,-,-,-,-,-,-,-,-,21,1,6%,,,,,44,0,36,9,0,0,0,52,52,43,77,81,85,83,83,83,81,81,-,-,-,-,-,-,-,-,,,,,,,0
53,,Fiji,188,,0,1,,54,OFC,,,,e,25,-,-,-,-,-,30,18,-,-,-,-,-,-,-,-,-,-,18,3,17%,,,,,100,41,0,0,0,0,0,53,53,107,102,93,87,67,40,40,39,62,-,-,-,-,-,-,-,-,,,,,,,0
54,,Paraguai,169,,1,6,,43,CONMEBOL,,,,e,32,-,-,-,e,-,e,e,-,17,8,8,-,17,e,-,e,e,8,5,28%,,,,,27,21,0,0,0,7,7,55,54,97,98,68,73,70,61,61,31,31,27,36,47,40,-,-,-,-,,,,,,,0
55,,Irlanda,166,,-1,2,,-11,UEFA,,,,e,-,-,e,-,-,25,-,e,-,26,12,e,-,23,-,-,e,e,12,4,22%,,,,,22,0,0,34,0,0,19,54,55,44,41,44,38,36,71,71,56,48,46,62,55,54,-,-,-,-,,,,,,,0
56,,Angola,162,,0,4,,25,CAF,,,,-,29,-,-,-,e,-,e,-,-,-,-,-,-,-,-,-,-,-,29,1,6%,,,,,65,25,0,9,0,15,15,56,56,81,84,73,76,89,86,86,86,86,-,-,-,-,-,-,-,-,,,,,,,0
57,,Moldávia,154,,0,2,,31,UEFA,,,,-,e,-,-,-,e,-,32,-,e,e,-,28,-,e,-,e,e,-,28,2,11%,,,,,95,29,0,0,0,14,14,57,57,88,89,80,80,78,64,64,72,72,64,60,-,-,-,-,-,-,,,,,,,0
58,,Lituânia,150,,0,2,,22,UEFA,0,1,0,-,37,-,-,-,e,-,24,2,e,-,e,e,e,e,-,e,e,-,2,3,17%,,0,1,0,88,26,0,0,0,14,16,58,58,80,75,52,40,30,10,10,14,36,-,-,-,-,-,-,-,-,,,,,,,100
59,,Hong Kong,141,,0,0,,-14,AFC,,,,e,e,-,26,-,-,e,8,-,27,e,-,e,-,e,-,-,-,e,8,3,17%,,,,,116,4,0,54,0,0,6,59,59,45,40,75,56,34,21,21,71,71,-,-,-,-,-,-,-,-,,,,,,,0
60,,Zâmbia,136,,0,3,,52,CAF,,,,-,47,-,-,-,e,-,e,-,-,-,-,-,-,-,-,-,-,-,47,1,6%,,,,,73,24,0,0,0,0,0,60,60,112,112,92,94,94,89,89,89,89,-,-,-,-,-,-,-,-,,,,,,,0
61,,Coréia do Norte,134,,0,1,,-15,AFC,,,,e,-,-,e,-,14,-,e,e,-,-,-,-,-,-,-,-,-,-,14,1,6%,,,,,75,0,0,4,0,88,88,61,61,46,43,37,33,97,90,90,90,90,-,-,-,-,-,-,-,-,,,,,,,0
62,,Malawi,123,,1,1,,-15,CAF,,,,e,-,-,24,-,-,-,-,-,-,-,-,-,-,-,-,-,-,-,24,1,6%,,,,,103,0,0,53,0,0,0,63,62,47,44,110,110,108,-,-,-,-,-,-,-,-,-,-,-,-,,,,,,,0
63,,Grécia,120,,-1,-2,,-2,UEFA,,,,-,e,-,-,23,-,e,-,23,-,19,5,15,15,-,18,-,e,e,5,7,39%,,,,,24,6,0,0,20,0,6,62,63,61,57,41,48,45,35,35,30,27,22,34,37,-,31,-,-,-,,,,,,,0
64,,Paquistão,119,,0,0,,40,AFC,,,,e,29,-,-,-,e,-,e,e,e,-,19,-,32,-,-,e,-,e,19,3,17%,,,,,126,27,0,0,0,8,8,64,64,104,103,105,100,114,77,77,63,61,54,70,-,-,-,-,-,-,,,,,,,0
65,,Noruega,116,,0,2,,-14,UEFA,,,,e,-,-,e,-,-,e,-,e,10,e,-,24,-,e,-,e,e,e,10,2,11%,,,,,35,0,0,27,0,0,4,65,65,51,50,64,69,59,57,57,27,51,62,59,-,-,-,-,-,-,,,,,,,0
66,,Mali,114,,0,3,,4,CAF,,,,-,e,-,-,-,27,-,-,-,-,-,-,-,-,-,-,-,-,-,27,1,6%,,,,,70,12,0,0,0,29,29,66,66,70,73,57,63,91,-,-,-,-,-,-,-,-,-,-,-,-,,,,,,,0
67,,RD do Congo,106,,0,1,,23,CAF,,,,-,e,-,-,-,-,e,-,-,-,-,-,-,-,-,-,-,-,-,-,0,0%,,,,,78,17,0,0,0,0,7,67,67,90,94,77,79,72,92,92,92,92,-,-,-,-,-,-,-,-,,,,,,,0
68,,Burkina Faso,102,,0,2,,-16,CAF,,,,e,-,-,e,-,-,-,-,-,-,-,-,-,-,-,-,-,-,-,-,0,0%,,,,,91,0,0,40,0,0,0,68,68,52,49,102,105,103,-,-,-,-,-,-,-,-,-,-,-,-,,,,,,,0
69,,Iraque,100,,0,3,,3,AFC,,,,-,48,-,-,-,25,-,e,e,-,e,-,e,-,e,-,e,-,e,25,2,11%,,,,,71,9,0,0,0,29,29,69,69,72,74,60,65,92,87,87,87,87,-,-,-,-,-,-,-,-,,,,,,,0
70,,China,97,,0,2,,-16,AFC,,,,e,-,-,e,-,-,e,-,18,24,-,32,e,-,e,-,e,-,e,18,3,17%,,,,,52,0,0,25,0,0,5,70,70,54,52,69,68,56,46,46,66,66,72,-,-,-,-,-,-,-,,,,,,,0
71,,Bolívia,92,,1,1,,7,CONMEBOL,,,,e,e,-,-,-,e,31,-,20,e,-,e,e,e,e,-,21,e,e,20,3,17%,,,,,68,10,0,0,0,9,17,72,71,78,78,56,52,44,51,51,36,53,53,55,51,47,38,30,-,-,,,,,,,0
72,,Guatemala,88,,1,-2,,-15,CONCACAF,,,,e,-,-,e,-,-,16,-,-,e,e,e,e,e,e,e,e,-,-,16,1,6%,,,,,62,0,0,12,0,0,26,73,72,57,54,46,41,33,85,85,85,85,-,-,-,-,-,-,-,-,,,,,,,0
73,,Costa Rica,86,,1,-2,,-15,CONCACAF,,,,0,-,32,e,21,-,e,-,-,e,-,22,-,24,16,13,-,23,-,13,7,39%,,,,,37,0,0,0,24,0,7,74,73,58,55,42,60,54,65,65,50,37,28,30,27,24,26,43,30,-,,,,,,,0
74,,Áustria,86,,-3,-8,,-18,UEFA,0,3,0,-,e,-,-,-,e,14,10,16,6,2,2,5,2,14,-,e,-,13,2,10,56%,,0,3,1,50,0,0,0,0,5,43,71,74,56,48,34,23,10,7,7,6,8,7,11,15,36,43,34,26,13,,,,,,,300
75,,Canadá,84,,0,2,,-16,CONCACAF,,,,e,-,-,e,-,-,e,e,e,19,-,23,-,22,12,-,26,-,-,12,5,28%,,,,,66,0,0,24,0,0,3,75,75,59,56,78,78,62,55,55,32,34,31,35,31,33,47,36,-,-,,,,,,,0
76,,Taiti,80,,1,1,,27,OFC,,,,-,45,-,-,-,e,-,e,-,-,-,-,-,-,-,-,-,-,-,45,1,6%,,,,,112,16,0,0,0,6,6,77,76,103,105,114,113,117,102,102,102,102,-,-,-,-,-,-,-,-,,,,,,,0
77,,Congo,78,,-1,-2,,7,CAF,,,,-,45,-,-,-,-,29,-,-,-,-,-,-,-,-,-,-,-,-,29,2,11%,,,,,96,11,0,0,0,0,16,76,77,84,85,71,67,50,98,98,98,98,-,-,-,-,-,-,-,-,,,,,,,0
78,,Malta,69,,0,0,,-16,UEFA,,,,e,-,-,e,-,-,-,-,-,-,-,e,e,-,e,-,e,e,-,-,0,0%,,,,,117,0,0,32,0,0,0,78,78,62,59,122,122,121,-,-,-,-,-,-,-,-,-,-,-,-,,,,,,,0
79,,Cabo Verde,67,,0,1,,-15,CAF,,,,e,-,-,e,-,-,-,-,-,-,-,-,-,-,-,-,-,-,-,-,0,0%,,,,,104,0,0,7,0,0,0,79,79,64,61,111,111,109,-,-,-,-,-,-,-,-,-,-,-,-,,,,,,,0
80,,Vietnã,65,,0,0,,-17,AFC,,,,e,-,-,e,-,-,-,e,-,-,e,e,-,-,-,e,-,-,e,-,0,0%,,,,,120,0,0,31,0,0,0,80,80,63,60,124,124,124,104,104,104,104,-,-,-,-,-,-,-,-,,,,,,,0
81,,Nova Zelândia,63,,1,3,,-15,OFC,,,,e,-,-,e,-,31,-,e,e,-,e,-,-,17,4,-,e,-,e,4,3,17%,,,,,69,0,0,4,0,26,26,82,81,66,66,58,61,81,70,70,52,39,34,29,25,26,-,-,-,-,,,,,,,0
82,,Sudão,62,,-1,-1,,18,CAF,,,,-,e,-,-,-,-,e,e,e,-,-,-,-,-,-,-,-,-,-,-,0,0%,,,,,110,12,0,0,0,0,6,81,82,100,101,91,91,82,101,101,101,101,-,-,-,-,-,-,-,-,,,,,,,0
83,,Kwait,61,,0,1,,27,AFC,,,,-,e,-,-,-,-,e,e,27,8,11,e,-,30,-,-,20,-,-,8,5,28%,,,,,87,10,0,0,0,0,0,83,83,110,107,88,82,58,24,24,13,30,52,48,46,45,37,29,-,-,,,,,,,0
84,,África do Sul,57,,0,1,,1,CAF,,,,-,e,-,-,-,e,-,e,e,15,4,e,-,21,-,20,14,16,-,4,6,33%,,,,,85,6,0,0,0,15,15,84,84,85,86,79,77,68,68,39,19,24,29,24,22,23,19,22,20,-,,,,,,,0
85,,Turquia,53,,0,-2,,-20,UEFA,,,,e,-,-,e,-,-,e,e,-,14,-,20,11,5,10,-,30,e,-,5,6,33%,,,,,17,0,0,0,0,0,5,85,85,65,64,50,46,40,28,28,23,15,17,16,19,32,48,37,-,-,,,,,,,0
86,,Nicarágua,53,,0,0,,-19,CONCACAF,,,,0,-,-,e,-,-,e,-,e,-,-,-,-,-,-,-,-,-,-,-,0,0%,,,,,124,0,0,24,0,0,3,86,86,67,65,108,103,88,106,106,106,106,-,-,-,-,-,-,-,-,,,,,,,0
87,,Bahrein,49,,2,2,,6,AFC,,,,-,e,-,-,-,e,-,e,e,-,-,-,-,e,-,-,e,e,-,-,0,0%,,,,,72,4,0,0,0,9,9,89,87,93,96,86,86,93,88,88,88,88,-,-,-,-,-,-,-,-,,,,,,,0
88,,Ilhas Salomão,49,,-1,-3,,-20,OFC,,,,e,-,-,e,-,-,26,-,-,-,-,-,-,-,-,-,-,-,-,26,1,6%,,,,,98,0,0,0,0,0,18,87,88,68,68,66,62,52,99,99,99,99,-,-,-,-,-,-,-,-,,,,,,,0
89,,Liechenstein,48,,-1,0,,-20,UEFA,,,,-,e,-,-,-,30,-,e,15,e,e,-,e,e,-,31,-,-,e,15,3,17%,,,,,122,0,0,9,0,46,46,88,89,69,67,67,58,73,42,42,37,57,67,64,57,56,51,-,-,-,,,,,,,0
90,,Chade,42,,0,1,,-14,CAF,,,,e,-,-,e,-,-,-,-,-,-,-,-,-,-,-,-,-,-,-,-,0,0%,,,,,105,0,0,17,0,0,0,90,90,76,76,112,112,110,-,-,-,-,-,-,-,-,-,-,-,-,,,,,,,0
91,,Romênia,39,,0,-1,,-18,UEFA,,,,e,-,-,e,-,-,e,e,e,16,-,e,e,e,e,-,22,4,e,4,3,17%,,,,,15,0,0,8,0,0,3,91,91,73,71,55,55,55,56,56,34,41,42,39,34,28,23,21,17,-,,,,,,,0
92,,Índia,39,,0,0,,32,AFC,,,,-,e,-,-,-,e,-,e,-,-,e,-,e,-,e,-,-,-,e,-,0,0%,,,,,118,9,0,0,0,0,0,92,92,124,124,123,123,122,103,103,103,103,-,-,-,-,-,-,-,-,,,,,,,0
93,,Irlanda do Norte,38,,0,1,,-18,UEFA,,,,-,e,-,-,-,e,-,20,5,e,-,e,e,e,-,e,-,-,e,5,2,11%,,,,,81,0,0,0,0,20,22,93,93,75,69,51,43,35,16,16,16,40,-,-,-,-,-,-,-,-,,,,,,,0
94,,Togo,35,,2,2,,-12,CAF,,,,e,-,-,e,-,-,e,-,-,-,-,-,-,-,-,-,-,-,-,-,0,0%,,,,,76,0,0,0,0,0,0,96,94,82,83,95,96,98,91,91,91,91,-,-,-,-,-,-,-,-,,,,,,,0
95,,St Vicente,35,,0,0,,-16,CONCACAF,,,,e,e,-,-,-,e,-,e,31,20,15,e,e,-,e,e,-,-,e,15,3,17%,,,,,102,0,0,0,0,27,27,95,95,79,79,76,74,76,52,52,20,44,-,-,-,-,-,-,-,-,,,,,,,0
96,,Cazaquistão,32,,1,1,,-13,UEFA,,,,e,-,-,e,-,-,-,-,-,-,e,-,31,-,-,e,-,e,-,31,1,6%,,,,,111,0,0,13,0,0,0,97,96,83,81,118,118,116,-,-,-,-,-,-,-,-,-,-,-,-,,,,,,,0
97,,Bielorússia,30,,-3,-6,,-23,UEFA,,,,-,e,-,-,-,-,e,17,e,e,-,26,-,e,-,e,-,e,-,17,2,11%,,,,,67,0,0,0,0,0,15,94,97,74,70,49,39,31,30,30,70,70,63,-,-,-,-,-,-,-,,,,,,,0
98,,Letônia,28,,0,1,,-11,UEFA,,,,-,e,-,-,-,e,-,e,-,e,-,24,-,31,e,-,e,e,-,24,2,11%,,,,,80,0,0,0,0,14,14,98,98,87,91,82,83,90,78,78,67,67,60,68,61,-,-,-,-,-,,,,,,,0
99,,Gabão,28,,0,1,,-13,CAF,,,,e,-,-,e,-,-,-,e,e,-,-,-,-,-,-,-,-,-,-,-,0,0%,,,,,93,0,0,9,0,0,0,99,99,86,87,103,106,104,96,96,96,96,-,-,-,-,-,-,-,-,,,,,,,0
100,,Azerbaijão,22,,0,1,,-11,UEFA,,,,e,-,-,e,-,-,-,-,-,-,-,e,e,e,-,e,-,-,e,-,0,0%,,,,,106,0,0,8,0,0,0,100,100,89,93,113,114,111,-,-,-,-,-,-,-,-,-,-,-,-,,,,,,,0
101,,Quênia,20,,0,1,,-7,CAF,,,,e,-,-,e,-,-,-,e,e,-,-,-,-,-,-,-,-,-,-,-,0,0%,,,,,99,0,0,6,0,0,0,101,101,94,97,109,109,107,100,100,100,100,-,-,-,-,-,-,-,-,,,,,,,0
102,,Vanuatu,18,,0,0,,-7,OFC,,,,e,-,-,e,-,-,-,-,-,-,-,-,-,-,-,-,-,-,-,-,0,0%,,,,,114,0,0,7,0,0,0,102,102,95,95,120,120,119,-,-,-,-,-,-,-,-,-,-,-,-,,,,,,,0
103,,São Cristóvão,16,,0,0,,-7,CONCACAF,,,,e,e,-,-,-,e,-,-,-,-,-,-,-,-,-,-,-,-,-,-,0,0%,,,,,119,0,0,0,0,14,14,103,103,96,99,99,95,123,-,-,-,-,-,-,-,-,-,-,-,-,,,,,,,0
104,,Gales,12,,0,0,,-12,UEFA,0,1,0,-,e,-,-,-,e,-,25,12,-,22,e,e,-,e,-,18,2,e,2,5,28%,,0,1,0,64,0,0,0,0,4,6,104,104,92,80,62,51,37,20,20,17,22,23,20,20,14,11,8,6,-,,,,,,,100
105,,Hungria,9,,0,0,,-7,UEFA,,,,-,e,-,-,-,e,-,27,-,23,e,e,e,e,-,e,-,e,e,23,2,11%,,,,,61,0,0,0,0,4,4,105,105,98,90,74,75,61,41,41,69,69,-,-,-,-,-,-,-,-,,,,,,,0
106,,Eslovênia,8,,1,0,,-4,UEFA,,,,-,e,-,-,-,e,-,e,e,e,-,e,-,e,e,-,e,e,-,-,0,0%,,,,,60,0,0,0,0,4,4,107,106,102,104,85,90,86,84,84,84,84,-,-,-,-,-,-,-,-,,,,,,,0
107,,Estônia,8,,-1,-1,,-8,UEFA,0,0,1,-,e,-,-,-,-,e,e,e,12,3,15,14,-,e,-,e,e,e,3,4,22%,,0,0,1,92,0,0,0,0,0,4,106,107,99,100,87,81,60,38,38,8,21,44,52,-,-,-,-,-,-,,,,,,,1
108,,Zimbábue,5,,0,0,,-3,CAF,,,,-,e,-,-,-,e,-,-,-,-,-,-,-,-,-,-,-,-,-,-,0,0%,,,,,74,0,0,0,0,2,2,108,108,105,108,89,93,96,-,-,-,-,-,-,-,-,-,-,-,-,,,,,,,0
109,,Andorra,4,,0,-1,,-3,UEFA,,,,-,e,-,-,-,-,e,-,e,e,-,e,e,-,e,-,e,e,-,-,0,0%,,,,,123,0,0,0,0,0,3,109,109,106,109,107,102,87,105,105,105,105,-,-,-,-,-,-,-,-,,,,,,,0
110,,Guiné,3,,0,0,,-9,CAF,,,,-,e,-,-,-,-,e,15,e,-,-,-,-,-,-,-,-,-,-,15,1,6%,,,,,54,0,0,0,0,0,1,110,110,101,82,70,66,47,29,29,82,82,-,-,-,-,-,-,-,-,,,,,,,0
111,,Chipre,2,,0,0,,-3,UEFA,,,,-,e,-,-,-,-,e,-,e,21,e,-,32,16,-,26,-,e,-,16,4,22%,,,,,89,0,0,0,0,0,1,111,111,108,110,94,92,75,63,63,35,47,47,44,41,52,46,-,-,-,,,,,,,0
112,,El Salvador,1,,0,0,,-3,CONCACAF,,,,-,e,-,-,-,e,-,e,13,-,e,e,e,e,-,e,e,-,-,13,1,6%,,,,,101,0,0,0,0,0,0,112,112,109,106,90,88,65,34,34,29,55,-,-,-,-,-,-,-,-,,,,,,,0
113,,Uzbequistão,0,,0,0,,-2,AFC,,,,e,-,-,e,-,-,e,-,29,-,-,-,e,-,-,e,-,e,-,29,1,6%,,,,,59,0,0,0,0,0,0,113,113,111,111,83,84,74,67,67,76,74,-,-,-,-,-,-,-,-,,,,,,,0
114,,Albania,0,,0,0,,-1,UEFA,,,,e,-,-,e,-,-,-,-,-,-,-,e,e,-,e,-,e,e,-,-,0,0%,,,,,77,0,0,0,0,0,0,114,114,113,113,96,97,99,-,-,-,-,-,-,-,-,-,-,-,-,,,,,,,0
115,,Líbia,0,,0,0,,-1,CAF,,,,e,-,-,-,-,e,-,e,-,-,-,-,-,-,-,-,-,-,-,-,0,0%,,,,,83,0,0,0,0,0,0,115,115,114,114,98,99,100,93,93,93,93,-,-,-,-,-,-,-,-,,,,,,,0
116,,Macedônia,0,,0,0,,-1,UEFA,,,,e,-,-,e,-,-,-,e,e,e,e,e,-,e,-,e,-,e,-,-,0,0%,,,,,86,0,0,0,0,0,0,116,116,115,115,100,101,101,94,94,94,94,-,-,-,-,-,-,-,-,,,,,,,0
117,,Argélia,0,,0,0,,-1,CAF,,,,e,-,-,-,32,e,-,e,e,-,-,-,-,-,-,-,-,-,-,32,1,6%,,,,,90,0,0,0,0,0,0,117,117,116,116,101,104,102,95,95,95,95,-,-,-,-,-,-,-,-,,,,,,,0
118,,Armênia,0,,0,0,,-1,UEFA,,,,-,e,-,-,-,-,e,-,e,e,e,e,-,e,e,-,e,-,e,-,0,0%,,,,,94,0,0,0,0,0,0,118,118,117,117,104,107,105,97,97,97,97,-,-,-,-,-,-,-,-,,,,,,,0
119,,Uganda,0,,0,0,,-1,CAF,,,,e,-,-,e,-,-,-,-,-,-,-,-,-,-,-,-,-,-,-,-,0,0%,,,,,97,0,0,0,0,0,0,119,119,118,118,106,108,106,-,-,-,-,-,-,-,-,-,-,-,-,,,,,,,0
120,,Ruanda,0,,0,0,,-1,CAF,,,,-,-,-,e,-,-,-,-,-,-,-,-,-,-,-,-,-,-,-,-,0,0%,,,,,107,0,0,0,0,0,0,120,120,119,119,115,115,112,-,-,-,-,-,-,-,-,-,-,-,-,,,,,,,0
121,,Botsuana,0,,0,0,,-1,CAF,,,,e,-,-,-,-,-,-,-,-,-,-,-,-,-,-,-,-,-,-,-,0,0%,,,,,108,0,0,0,0,0,0,121,121,120,120,116,116,113,-,-,-,-,-,-,-,-,-,-,-,-,,,,,,,0
122,,Níger,0,,0,0,,-1,CAF,,,,e,-,-,-,-,-,-,-,-,-,-,-,-,-,-,-,-,-,-,-,0,0%,,,,,109,0,0,0,0,0,0,122,122,121,121,117,117,115,-,-,-,-,-,-,-,-,-,-,-,-,,,,,,,0
123,,Benin,0,,0,0,,-1,CAF,,,,e,-,-,-,-,-,-,-,-,-,-,-,-,-,-,-,-,-,-,-,0,0%,,,,,113,0,0,0,0,0,0,123,123,122,122,119,119,118,-,-,-,-,-,-,-,-,-,-,-,-,,,,,,,0
124,,Libéria,0,,0,0,,-1,CAF,,,,e,-,-,-,-,-,-,-,-,-,-,-,-,-,-,-,-,-,-,-,0,0%,,,,,115,0,0,0,0,0,0,124,124,123,123,121,121,120,-,-,-,-,-,-,-,-,-,-,-,-,,,,,,,0
125,,Ilhas Faroe,0,,0,0,,0,UEFA,,,,e,-,-,e,-,-,-,-,-,-,-,e,-,e,e,-,e,e,-,-,0,0%,,,,,121,0,0,0,0,0,0,125,125,125,125,125,125,125,-,-,-,-,-,-,-,-,-,-,-,-,,,,,,,0
126,,Luxemburgo,0,,0,0,,0,UEFA,,,,e,-,-,e,-,-,-,e,-,e,-,e,-,e,e,-,e,-,e,-,0,0%,,,,,125,0,0,0,0,0,0,126,126,126,126,126,126,126,107,107,107,107,-,-,-,-,-,-,-,-,,,,,,,0
127,,San Marino,0,,0,0,,0,UEFA,,,,-,e,-,-,-,-,-,-,-,-,-,e,e,-,e,-,e,e,-,-,0,0%,,,,,127,0,0,0,0,0,0,127,127,127,127,127,127,127,-,-,-,-,-,-,-,-,-,-,-,-,,,,,,,0
